Post text,Hashtags,Timestamp,Likes
"Artificial intelligence is revolutionizing the tech industry today.",ai tech,2026-03-10T10:00:00Z,150
"The future of machine learning looks incredibly bright.",machinelearning future,2026-03-10T10:05:00Z,230
"Just had an amazing coffee in Paris. Love traveling!",travel coffee paris,2026-03-10T11:00:00Z,55
"AI and machine learning are creating new jobs in tech.",ai machinelearning tech,2026-03-10T11:30:00Z,310
"Social media marketing trends are constantly shifting.",marketing socialmedia trends,2026-03-10T12:00:00Z,80
"Using data analytics to boost our marketing strategy.",data analytics marketing,2026-03-10T12:15:00Z,120
"Tech innovations in AI are accelerating fast.",tech ai innovation,2026-03-10T13:00:00Z,400
"Can't wait for my next travel adventure to Tokyo.",travel adventure tokyo,2026-03-10T13:45:00Z,95
"Data science is the key to understanding social media trends.",datascience trends socialmedia,2026-03-10T14:20:00Z,210
"Learning about neural networks and AI.",neuralnetworks ai learning,2026-03-10T15:00:00Z,180
"Marketing campaigns need strong data analytics to succeed.",marketing campaigns data analytics,2026-03-10T15:30:00Z,145
"Traveling the world gives you a new perspective on life.",travel world perspective,2026-03-10T16:00:00Z,300
"Tech startups are focusing heavily on AI solutions.",tech startups ai,2026-03-10T16:45:00Z,275
"Social media algorithms are changing how we view trends.",socialmedia algorithms trends,2026-03-10T17:15:00Z,190
"The intersection of data analytics and machine learning is fascinating.",dataanalytics machinelearning,2026-03-10T18:00:00Z,320